query,clicks,impressions,ctr_pct,position
9takes,16,24,66.67,1.0
jordi hays,12,318,3.77,9.7
enneagram mental illness,7,19,36.84,3.5
kara swisher amanda katz age difference,7,908,0.77,9.1
enneagram compatibility chart,5,261,1.92,8.0
enneagram and adhd,4,16,25.00,3.4
bob dylan personality,3,194,1.55,7.9
marilyn monroe personality,3,50,6.00,16.8
adhd enneagram,2,32,6.25,4.7
agatha christie personality,2,34,5.88,6.3
enneagram adhd,2,10,20.00,2.3
enneagram and astrology,2,24,8.33,6.8
enneagram and autism,2,29,6.90,5.6
lana del rey enneagram,2,21,9.52,7.6
tina fey enneagram,2,51,3.92,4.8
agatha christie mental health,1,13,7.69,10.9
allison adonizio,1,1,100.00,56.0
amanda katz and kara swisher age difference,1,209,0.48,9.3
anna wintour personality type,1,9,11.11,6.9
aubrey plaza personality type,1,57,1.75,12.2
autism and enneagram,1,10,10.00,5.7
autism enneagram,1,24,4.17,6.4
best enneagram pairings,1,5,20.00,13.4
best free enneagram test,1,121,0.83,14.0
bob dylan charakter,1,6,16.67,3.0
bob dylan personality type,1,77,1.30,8.9
brad pitt enneagram,1,3,33.33,4.7
cillian murphy personality type,1,23,4.35,13.3
does emma myers have anxiety,1,3,33.33,3.3
dua lipa personality,1,143,0.70,8.1
emma myers introvert,1,3,33.33,2.0
emma myers twenty one pilots,1,4,25.00,10.3
emma watson personality,1,216,0.46,10.5
enneagram 4,1,47,2.13,49.2
enneagram 4 integration to 1,1,2,50.00,41.5
enneagram 5 social subtype,1,1,100.00,73.0
enneagram 9 adhd,1,5,20.00,9.0
enneagram and attachment styles,1,8,12.50,10.4
enneagram astrology,1,23,4.35,7.3
enneagram autism,1,24,4.17,5.3
enneagram cheat sheet,1,38,2.63,7.6
enneagram compatibility,1,108,0.93,13.5
enneagram fixations,1,3,33.33,56.0
enneagram personality disorders,1,15,6.67,5.5
enneagram relationship compatibility chart,1,11,9.09,6.7
enneagram scientific validity,1,1,100.00,21.0
famous type 5 enneagram,1,9,11.11,13.2
hasan piker personality type,1,14,7.14,6.8
is ryan gosling an introvert,1,13,7.69,10.3
is tina fey a nice person,1,9,11.11,8.8
jennifer lopez personality,1,92,1.09,9.7
joaquin phoenix personality,1,55,1.82,7.7
john f kennedy personality,1,10,10.00,14.4
jon bernthal personality,1,1,100.00,10.0
jordi hays parents,1,6,16.67,3.5
kai cenat mbti,1,47,2.13,7.6
kylie jenner personality type,1,24,4.17,12.0
margot robbie personality,1,100,1.00,7.5
meghan markle psychological profile,1,42,2.38,10.3
nikola tesla enneagram,1,10,10.00,6.1
nine takes,1,4,25.00,4.8
ronald reagan personality,1,8,12.50,29.4
ryan gosling enneagram,1,16,6.25,4.1
ryan gosling personality,1,255,0.39,8.8
ryan gosling personality type,1,175,0.57,6.4
sabrina carpenter personality,1,252,0.40,5.6
sabrina carpenter personality type,1,240,0.42,6.9
sam altman enneagram type,1,3,33.33,3.0
sam altman personality,1,6,16.67,16.3
sean palmisano,1,63,1.59,10.2
sx blind enneagram,1,4,25.00,19.5
timothee chalamet personality type,1,67,1.49,8.9
tina fey iq,1,5,20.00,12.6
tritype compatibility,1,21,4.76,5.5
type 4 enneagram celebrities,1,15,6.67,14.2
unhealthy so2 enneagram,1,1,100.00,18.0
which enneagram is most likely to be a narcissist,1,63,1.59,11.5
which enneagram is most likely to be depressed,1,24,4.17,5.5
zayn malik personality,1,40,2.50,7.6
"""a promised land"" ""community organizer"" ""right decision""",0,17,0.00,8.6
"""a promised land"" ""community organizer"" ""right decision"" obama",0,3,0.00,9.3
"""agnostic theist"" mrbeast",0,60,0.00,8.3
"""agnostic theist"" mrbeast source",0,4,0.00,8.5
"""alex cooper""",0,1,0.00,23.0
"""anna wintour"" -site:reddit.com -site:twitter.com -site:x.com -site:wykop.pl -site:tripadvisor.com -site:youtube.com -site:yelp.com -site:booking.com -site:facebook.com -site:instagram.com -site:tiktok.com",0,1,0.00,1.0
"""announced retirement"" ""pamela anderson""",0,3,0.00,9.7
"""anthony hopkins"" ""american geologist""",0,11,0.00,11.5
"""attended 15 schools"" actor",0,6,0.00,8.7
"""casey neistat"" ""machu picchu""",0,4,0.00,11.0
"""casey neistat"" machu picchu",0,8,0.00,10.3
"""dario amodei"" ""jade wang""",0,37,0.00,7.7
"""david friedberg"" ""data-driven"" ""all-in podcast""",0,1,0.00,10.0
"""david friedberg"" ""science guy"" ""all-in podcast""",0,1,0.00,2.0
"""dua lipa"" ""fitzjohn's primary school"" interview",0,1,0.00,9.0
"""emotional personality"" ""the challenger"" ""the talker"" ""the assistant""",0,1,0.00,11.0
"""enneagram"" friendship compatibility study",0,15,0.00,9.4
"""enneagram"" friendship study compatibility",0,5,0.00,10.0
"""father was murdered when he was eight"" artist",0,3,0.00,5.3
"""father was murdered when he was eight"" musician",0,16,0.00,4.1
"""fitzjohn's primary school"" ""dua lipa""",0,1,0.00,11.0
"""fitzjohn's primary school"" dua lipa",0,2,0.00,11.0
"""glen powell"" ""switched schools""",0,2,0.00,6.0
"""instinct"" ""over-prepare"" actor interview",0,7,0.00,6.1
"""irving kirsch"" retraction watch antidepressant",0,2,0.00,10.5
"""jacinda ardern"" enneagram 2",0,8,0.00,9.5
"""jade wang"" ""dario amodei""",0,20,0.00,9.1
"""jade wang"" dario amodei",0,27,0.00,7.1
"""jennifer garner"" enneagram 2",0,14,0.00,1.7
"""kristen bell"" enneagram 2",0,4,0.00,5.0
"""machu picchu"" ""casey neistat""",0,10,0.00,10.3
"""malcolm x"" enneagram 1",0,9,0.00,6.6
"""michael seibel"" ""y combinator""",0,4,0.00,6.3
"""millionaire at 16"" musician band founded 1968",0,18,0.00,11.1
"""mirae on"" enneagram",0,1,0.00,8.0
"""mixed evidence of reliability and validity"" enneagram",0,27,0.00,6.2
"""mixed evidence of reliability and validity"" enneagram review",0,14,0.00,4.9
"""mrbeast"" ""agnostic theist""",0,25,0.00,8.9
"""nephew of salvador allende"" ""television""",0,25,0.00,6.7
"""nephew of salvador allende"" ""tv""",0,28,0.00,10.4
"""nephew of salvador allende"" television",0,76,0.00,7.7
"""nephew of salvador allende"" tv",0,23,0.00,9.8
"""nephew of salvador allende"" tv series",0,27,0.00,9.7
"""nephew of salvador allende"" tv show",0,18,0.00,9.5
"""oprah winfrey"" enneagram 2",0,17,0.00,10.4
"""ordinary suburban"" ""shocking"" actress interview",0,5,0.00,8.6
"""ordinary suburban"" ""shocking"" interview actress",0,1,0.00,11.0
"""pamela anderson"" ""announced retirement""",0,36,0.00,10.4
"""pamela anderson"" ""announced retirement"" -baywatch",0,2,0.00,11.0
"""performance-based attachment"" psychology",0,32,0.00,5.8
"""playground all the time"" film set interview",0,6,0.00,9.0
"""protector, not aggressor""",0,47,0.00,4.7
"""raised in suburban"" ""wife"" ""cooking show""",0,7,0.00,9.9
"""ramón mercader"" ""raised by"" ""nkvd""",0,8,0.00,11.0
"""robert greene"" ""eighty jobs""",0,2,0.00,4.0
"""sealed the room"" poet took his life 1930s",0,5,0.00,7.8
"""shaan"" dj ""youngest of four""",0,38,0.00,5.7
"""stutter that made school""",0,38,0.00,6.6
"""switched schools"" ""ten times"" celebrity",0,29,0.00,7.8
"""the 'enneagram' effect: using personality typology in modern dating"" dating trends vogue",0,1,0.00,10.0
"""the man who controls everything"" lyrics",0,29,0.00,9.7
"""this is the way the jew make money"" epstein schank",0,1,0.00,7.0
"""what would have been his mother's birthday"" blog",0,3,0.00,4.0
#h-1-callum-turner,0,3,0.00,8.3
.,0,1,0.00,17.0
1 enneagram,0,4,0.00,65.5
1 enneagram meaning,0,1,0.00,94.0
1 enneagram type,0,1,0.00,74.0
1 ennegram,0,2,0.00,71.0
1 on enneagram,0,4,0.00,71.8
1 on the enneagram,0,2,0.00,87.0
1 personality type,0,1,0.00,69.0
16 love languages,0,1,0.00,85.0
1w5 enneagram,0,2,0.00,52.5
2 enneagram,0,4,0.00,68.8
2 enneagram description,0,1,0.00,75.0
2 enneagram personality,0,5,0.00,75.0
2 ennegram,0,1,0.00,65.0
2 on enneagram,0,5,0.00,62.8
2 on the enneagram,0,2,0.00,67.5
2w4,0,1,0.00,3.0
3 enneagram,0,4,0.00,59.3
3 enneagram meaning,0,1,0.00,51.0
3 on enneagram,0,3,0.00,52.3
3 on the enneagram,0,1,0.00,66.0
3 tough conversations every couple should have,0,4,0.00,50.3
4 aspects,0,1,0.00,82.0
4 enneagram,0,1,0.00,3.0
4 enneagram characters,0,1,0.00,34.0
4 on enneagram,0,1,0.00,38.0
4w3 vs 7w6,0,6,0.00,9.5
4w5 and 6w5 relationship,0,1,0.00,9.0
5 enneagram,0,13,0.00,67.0
5 enneagram description,0,1,0.00,70.0
5 enneagram type,0,2,0.00,64.0
5 on enneagram,0,1,0.00,58.0
5 on the enneagram,0,3,0.00,66.3
5 type,0,1,0.00,68.0
5w9 enneagram,0,1,0.00,19.0
6 enneagram,0,11,0.00,70.6
6 enneagram description,0,2,0.00,86.5
6 enneagram type,0,2,0.00,51.0
6 in enneagram,0,1,0.00,73.0
6 on enneagram,0,10,0.00,69.6
6 on the enneagram,0,1,0.00,61.0
6 personality type,0,1,0.00,63.0
6 type,0,1,0.00,73.0
6w4 personality,0,1,0.00,47.0
6w5 vs 8w9,0,1,0.00,12.0
6w9 enneagram,0,1,0.00,59.0
7w6 wing,0,1,0.00,24.0
8 enneagram,0,1,0.00,57.0
8 enneagram characters,0,1,0.00,45.0
8 the challenger,0,1,0.00,62.0
9 axes,0,1,0.00,41.0
9 enneagram,0,13,0.00,61.3
9 enneagram description,0,2,0.00,88.5
9 enneagram personality types,0,2,0.00,73.5
9 enneagram type,0,2,0.00,82.5
9 enneagram types,0,4,0.00,69.5
9 in enneagram,0,1,0.00,39.0
9 in stress,0,1,0.00,30.0
9 on enneagram,0,6,0.00,58.7
9 on the enneagram,0,1,0.00,60.0
9 peacemaker,0,1,0.00,46.0
9 personalities enneagram,0,1,0.00,91.0
9 personality disorders,0,1,0.00,50.0
9 personality enneagram,0,1,0.00,61.0
9 personality type,0,2,0.00,57.5
9 types personality test,0,1,0.00,46.0
9axes,0,6,0.00,40.0
9types,0,3,0.00,22.7
9w1 careers,0,1,0.00,25.0
9w4 enneagram,0,1,0.00,35.0
9w5 personality,0,1,0.00,19.0
9w6,0,1,0.00,16.0
accurate enneagram test,0,3,0.00,28.3
achiever enneagram,0,3,0.00,48.7
"actor ""switched schools"" ""ten times""",0,2,0.00,11.0
actor personality,0,1,0.00,53.0
actress personality,0,1,0.00,26.0
actual free enneagram test,0,1,0.00,21.0
actually free enneagram test,0,9,0.00,24.4
adam neumann barefoot,0,2,0.00,9.5
addict archetype,0,1,0.00,38.0
addison rae personality traits,0,1,0.00,7.0
adhd and enneagram,0,13,0.00,3.7
adin ross mbti,0,2,0.00,7.0
aerotrekking,0,3,0.00,6.7
agatha christie analysis,0,2,0.00,20.0
agatha christie dissociative fugue,0,1,0.00,27.0
agatha christie mbti,0,3,0.00,16.7
alex cooper alix earle feud 2026,0,1,0.00,10.0
alex cooper alix earle feud april 2026,0,1,0.00,20.0
alex cooper alix earle feud timeline 2026,0,3,0.00,16.0
alex cooper alix earle mentorship,0,6,0.00,9.5
alex cooper birthday,0,1,0.00,43.0
alex cooper legs,0,3,0.00,53.0
alex cooper mbti,0,1,0.00,9.0
alex cooper mentor to alix earle,0,2,0.00,7.0
alex cooper tiktok april 13 2026 alix earle,0,1,0.00,7.0
alex cooper weight,0,1,0.00,32.0
alex hormozi gilman,0,4,0.00,7.8
alex hormozi mbti,0,13,0.00,9.3
alex hormozi personality type,0,17,0.00,6.9
alex karp can't sit still,0,2,0.00,13.0
alex karp personality,0,5,0.00,9.8
alix and alex cooper explained,0,1,0.00,16.0
"alix earle ""how much time do you have"" alex cooper august 2025",0,4,0.00,6.0
alix earle alex cooper beef 2026,0,1,0.00,7.0
alix earle alex cooper feud 2026,0,1,0.00,10.0
alix earle alex cooper feud timeline 2025 2026,0,1,0.00,6.0
alix earle alex cooper feud timeline 2026,0,1,0.00,19.0
alix earle alex cooper mentorship,0,6,0.00,7.2
alix earle and alex cooper podcast,0,1,0.00,52.0
alix earle mbti,0,1,0.00,10.0
"alix earle tiktok ""i also have no idea what’s going on""",0,1,0.00,10.0
all enneagram,0,1,0.00,64.0
all enneagram types,0,1,0.00,65.0
amanda katz and kara swisher,0,2,0.00,6.0
amanda katz kara swisher,0,1,0.00,11.0
amanda katz kara swisher age,0,1,0.00,12.0
amber heard mbti,0,2,0.00,18.5
american psychological association enneagram pseudoscience,0,12,0.00,8.8
amy poehler enneagram 8,0,1,0.00,27.0
anaegram,0,1,0.00,47.0
analytical personality type strengths and weaknesses,0,2,0.00,65.0
andrew callaghan acne,0,1,0.00,5.0
andrew take,0,1,0.00,25.0
andrew tate enneagram type,0,1,0.00,7.0
andrew tate personality type,0,5,0.00,10.8
anna kendrick personality,0,20,0.00,10.4
anna kendrick personality traits,0,1,0.00,6.0
anna wintour mbti type,0,1,0.00,12.0
anna wintour no bob,0,1,0.00,8.0
anna wintour personality,0,2,0.00,27.0
anne hathaway body,0,2,0.00,51.0
anne hathaway enneagram,0,6,0.00,8.3
anne hathaway personality traits,0,1,0.00,10.0
anne hathaway personality type,0,7,0.00,10.4
anthony bourdain mbti,0,3,0.00,6.0
anthony bourdain mbti type,0,3,0.00,6.3
anthony bourdain personality type,0,39,0.00,6.4
anthony bourdain suicide,0,1,0.00,4.0
anya taylor joy breakout role,0,1,0.00,48.0
anya taylor joy got,0,1,0.00,26.0
anya taylor joy mbti,0,2,0.00,12.0
anya taylor joy personality,0,4,0.00,12.0
anya taylor joy personality type,0,11,0.00,7.8
anya taylor joy profile,0,1,0.00,78.0
anya taylor-joy mbti,0,2,0.00,13.0
anya taylor-joy personality,0,6,0.00,8.0
anya taylor-joy profile,0,1,0.00,50.0
aoc mbti,0,2,0.00,11.0
apa enneagram evidence,0,2,0.00,11.0
apa enneagram evidence personality,0,5,0.00,9.4
apa enneagram scientific evidence,0,2,0.00,10.0
apa enneagram scientific evidence personality,0,1,0.00,12.0
apa enneagram scientific validity,0,1,0.00,11.0
aquarius enneagram,0,1,0.00,12.0
archetype 9,0,2,0.00,47.5
ariana grande,0,3,0.00,5.0
ariana grande altezza,0,1,0.00,2.0
ariana grande character traits,0,2,0.00,11.5
ariana grande characteristics,0,1,0.00,24.0
ariana grande enneagram,0,2,0.00,6.5
ariana grande enneagram type,0,3,0.00,10.3
ariana grande identity,0,3,0.00,10.7
ariana grande identity crisis,0,2,0.00,9.0
ariana grande personality,0,23,0.00,17.4
ariana grande personality change,0,1,0.00,25.0
ariana grande personality traits,0,4,0.00,11.8
ariana grande personality traits 2025 2026,0,2,0.00,3.0
ariana grande personality traits interviews,0,4,0.00,10.0
ariana grande personality traits real life,0,4,0.00,9.8
ariana grande traits,0,1,0.00,25.0
armie hammer,0,1,0.00,3.0
arnold schwarzenegger personality,0,13,0.00,11.5
arnold schwarzenegger personality type,0,7,0.00,9.1
arry page,0,1,0.00,44.0
asia argento hugo clément,0,1,0.00,1.0
asmongold age,0,1,0.00,10.0
asmongold animorph,0,2,0.00,9.0
asmongold childhood,0,14,0.00,8.4
asmongold life expectancy,0,1,0.00,10.0
asmongold mbti type,0,1,0.00,5.0
asmongold personality traits,0,4,0.00,9.3
asmongold personality type,0,8,0.00,8.6
astrology and enneagram,0,4,0.00,7.0
astrology enneagram,0,20,0.00,7.5
attachment map,0,1,0.00,1.0
attachment style matrix,0,1,0.00,18.0
attachment styles matrix,0,1,0.00,12.0
attachment types enneagram,0,5,0.00,11.0
attacho typology,0,1,0.00,10.0
aubrey plaza,0,7,0.00,3.9
aubrey plaza adhd,0,1,0.00,1.0
aubrey plaza body type,0,3,0.00,4.0
aubrey plaza deadpan,0,1,0.00,44.0
aubrey plaza depression,0,1,0.00,3.0
aubrey plaza husband,0,1,0.00,3.0
aubrey plaza mbti,0,2,0.00,15.0
aubrey plaza personality,0,13,0.00,10.1
aubrey plaza smoker,0,1,0.00,1.0
aubrey plaza sucks,0,1,0.00,8.0
austin butler personality type,0,1,0.00,11.0
barack obama enneagram,0,1,0.00,23.0
barack obama enneagram type,0,1,0.00,18.0
basic enneagram,0,1,0.00,74.0
bella hadid mbti,0,9,0.00,2.0
bella hadid personality,0,4,0.00,7.0
bella hadid personality traits interviews,0,2,0.00,18.5
bella hadid personality type,0,5,0.00,10.4
bella hadid side profile,0,2,0.00,47.0
ben affleck personality type,0,6,0.00,12.5
benson boone character traits,0,8,0.00,9.1
benson boone mbti,0,3,0.00,1.3
benson boone personality,0,31,0.00,9.4
benson boone personality type,0,17,0.00,6.6
bernard arnault and brian chesky,0,14,0.00,6.6
bernard arnault and emma watson,0,1,0.00,2.0
bernard arnault and ray dalio,0,1,0.00,10.0
bernard arnault and tony robbins,0,21,0.00,8.9
best careers for enneagram 9,0,1,0.00,25.0
best enneagram free test,0,2,0.00,9.5
best enneagram matches,0,1,0.00,37.0
best enneagram relationship pairings,0,4,0.00,10.3
best enneagram teachers,0,2,0.00,40.5
best enneagram test,0,34,0.00,35.1
best enneagram test free,0,72,0.00,15.0
best enneagram test free results,0,2,0.00,9.5
best enneagram test online,0,3,0.00,39.0
best enneagram tests,0,2,0.00,44.5
best enneagram training,0,17,0.00,79.8
best enneagram training programs,0,12,0.00,87.3
best ennegram test,0,2,0.00,36.5
best free enneagram,0,6,0.00,14.0
best free enneagram personality test,0,4,0.00,12.5
best free enneagram personality test online,0,4,0.00,19.3
best free enneagram test 2025,0,2,0.00,2.0
best free enneagram test 2025 or 2026,0,5,0.00,11.4
best free enneagram test 2026,0,5,0.00,17.0
best free enneagram test 2026 accurate,0,2,0.00,18.0
best free enneagram test and results,0,2,0.00,8.5
best free enneagram test online,0,3,0.00,33.0
best free enneagram test online 2026,0,2,0.00,16.0
best free enneagram test reliable,0,4,0.00,17.0
best free enneagram tests,0,3,0.00,23.3
best free enneagram tests 2026,0,2,0.00,17.5
best free enneagram tests online,0,1,0.00,18.0
best free enneagram tests online 2026,0,1,0.00,19.0
best free enneagram tests reliable,0,2,0.00,14.0
best free ennegram test,0,2,0.00,22.0
best free online enneagram test,0,2,0.00,24.5
best job for enneagram 9,0,2,0.00,18.5
best jobs for enneagram 4,0,1,0.00,25.0
best jobs for enneagram 6,0,1,0.00,38.0
best jobs for enneagram 9,0,1,0.00,20.0
best match for enneagram 4,0,1,0.00,3.0
best online enneagram test,0,2,0.00,43.0
beth mccord enneagram test,0,9,0.00,7.2
beyonce characteristics,0,1,0.00,13.0
beyonce enneagram,0,4,0.00,10.0
beyonce human design,0,1,0.00,29.0
beyonce knows,0,1,0.00,69.0
beyonce narcissist,0,1,0.00,20.0
beyonce personality,0,17,0.00,11.2
beyoncé personality,0,2,0.00,10.0
beyoncé personality type,0,1,0.00,13.0
bill clinton enneagram,0,1,0.00,10.0
bill clinton personality,0,2,0.00,20.5
bill clinton personality type,0,1,0.00,21.0
bill gates big five personality traits,0,1,0.00,17.0
bill gates enneagram type,0,3,0.00,5.7
bill gates mbti,0,4,0.00,29.5
bill gates mbti type,0,2,0.00,20.0
bill gates personality,0,6,0.00,41.0
bill gates personality traits,0,1,0.00,25.0
bill gates personality type,0,20,0.00,19.9
bill gates traits,0,2,0.00,71.0
billie eilish blood type,0,1,0.00,15.0
billie eilish character traits,0,3,0.00,10.0
billie eilish enneagram,0,15,0.00,10.6
billie eilish enneagram type,0,11,0.00,10.4
billie eilish personality,0,18,0.00,11.1
billie eilish personality traits,0,4,0.00,15.0
billie eilish personality traits 2025 2026,0,1,0.00,10.0
billie eilish personality traits description,0,4,0.00,14.3
billie eilish personality traits interview,0,2,0.00,14.5
billie eilish personality traits interviews,0,18,0.00,10.6
billie eilish personality traits real life,0,10,0.00,9.0
billie eilish personality traits real life interviews,0,5,0.00,4.2
billie eilish personality type,0,3,0.00,28.7
bjj tournament photographer spokane,0,5,0.00,44.4
blake lively behavior,0,3,0.00,1.7
blake lively mbti,0,4,0.00,20.8
blake lively personality,0,11,0.00,17.5
blake lively personality type,0,1,0.00,5.0
bob dylan,0,1,0.00,3.0
bob dylan caractère,0,3,0.00,2.0
bob dylan depression,0,1,0.00,2.0
bob dylan edad,0,1,0.00,2.0
bob dylan enneagram,0,11,0.00,7.1
bob dylan enneagram type,0,1,0.00,5.0
bob dylan how does it feel,0,1,0.00,4.0
bob dylan lay lady lay,0,1,0.00,2.0
bob dylan mbti,0,3,0.00,18.0
bob dylan mbti type,0,9,0.00,6.2
bob dylan neurodivergent,0,1,0.00,27.0
bob dylan personalidad,0,5,0.00,3.0
bob dylan personality traits,0,12,0.00,7.1
bob dylan's personality,0,10,0.00,9.8
bobby brown mbti,0,1,0.00,10.0
bobby lee drug of choice,0,2,0.00,7.5
bobby lee heroin,0,2,0.00,7.5
borja vilaseca,0,1,0.00,3.0
bpd enneagram,0,71,0.00,10.5
brad pitt enneagram type,0,8,0.00,3.5
brad pitt fight club workout david lindsay,0,1,0.00,15.0
brad pitt mbti,0,6,0.00,23.7
brad pitt mbti type,0,3,0.00,6.7
brad pitt personality,0,15,0.00,10.9
brad pitt personality traits,0,18,0.00,10.3
brad pitt personality type,0,62,0.00,9.3
bradley martyn brother,0,3,0.00,1.0
bradley martyn siblings,0,1,0.00,1.0
brian chesky and bernard arnault,0,12,0.00,7.7
britannica bob dylan shot of love 1981,0,1,0.00,2.0
callum turner father businessman estranged,0,4,0.00,5.5
callum turner father businessman estranged acting,0,2,0.00,7.5
callum turner hunger games,0,1,0.00,9.0
callum turner kid,0,1,0.00,29.0
callum turner mbti,0,3,0.00,4.0
callum turner personality,0,12,0.00,7.0
callum turner shift the plane,0,1,0.00,11.0
callum turner smoker,0,5,0.00,8.0
callum turner smoking,0,57,0.00,8.5
callum turner teenager,0,1,0.00,12.0
capricorn enneagram,0,2,0.00,10.5
captain david mclain desbordes,0,2,0.00,9.0
carattere,0,1,0.00,1.0
cardi b personality,0,4,0.00,11.8
cardi b personality traits,0,6,0.00,9.0
cardi b personality type,0,14,0.00,10.6
careers for enneagram 1,0,2,0.00,46.0
careers for enneagram 4,0,1,0.00,44.0
careers for enneagram 9,0,1,0.00,52.0
casey neistat machu picchu,0,2,0.00,11.0
casey neistat mbti,0,16,0.00,6.3
casey neistat my kid and me machu picchu,0,1,0.00,10.0
casey neistat origin,0,1,0.00,10.0
casey neistat robin harris,0,18,0.00,11.7
casey neistat visited machu picchu,0,1,0.00,12.0
celebrities with enneagram 2,0,1,0.00,16.0
celebrity enneagram,0,3,0.00,31.7
celebrity enneagram type 4,0,1,0.00,16.0
celebrity personality,0,9,0.00,25.6
chalamet,0,1,0.00,4.0
challenger personality type,0,2,0.00,64.5
chameleon soul meaning,0,1,0.00,19.0
chappel roan mbti,0,3,0.00,6.0
chappell roan body type,0,3,0.00,11.0
chappell roan enneagram,0,8,0.00,7.1
chappell roan mbti,0,11,0.00,4.6
chappell roan mbti type,0,10,0.00,9.6
chappell roan personality,0,65,0.00,9.1
chappell roan personality traits interviews,0,3,0.00,8.3
chappell roan personality type,0,58,0.00,5.4
character description popular person,0,1,0.00,11.0
character traits of nikola tesla,0,2,0.00,15.0
character traits of oprah winfrey,0,1,0.00,91.0
characteristics of enneagram 2,0,1,0.00,68.0
characteristics of enneagram 6,0,1,0.00,81.0
characteristics of enneagram 9,0,1,0.00,67.0
characteristics of jeff bezos,0,1,0.00,38.0
characteristics of jfk,0,1,0.00,51.0
characteristics of john f kennedy,0,2,0.00,55.0
characteristics of ronald reagan,0,1,0.00,68.0
characteristics of winston churchill,0,2,0.00,39.0
charli xcx personality,0,22,0.00,9.5
charli xcx personality type,0,31,0.00,6.2
cheryl desbordes,0,2,0.00,69.5
childhood wound enneagram,0,1,0.00,61.0
chloe kravitz,0,1,0.00,37.0
chloe pacey,0,1,0.00,3.0
chris hemsworth and palmer luckey,0,3,0.00,10.7
chris hemsworth personality,0,2,0.00,26.0
chris hemsworth personality type,0,11,0.00,10.3
christian bale and sergey brin,0,6,0.00,10.0
christian bale personality,0,7,0.00,6.9
christian bale personality type,0,8,0.00,10.8
churchill personality type,0,14,0.00,9.6
cillian murphy enneagram,0,30,0.00,7.0
cillian murphy enneagram type,0,3,0.00,7.3
cillian murphy iq,0,1,0.00,11.0
cillian murphy mbti,0,6,0.00,29.7
cillian murphy mbti type,0,1,0.00,20.0
cillian murphy personality,0,14,0.00,17.0
cillian murphy side profile,0,1,0.00,22.0
clavicular before ascension,0,2,0.00,11.0
clavicular clan twitter,0,1,0.00,28.0
clavicular dnp,0,2,0.00,17.0
clavicular notch,0,2,0.00,60.5
clavicular personality,0,7,0.00,11.4
clavicular personality type,0,30,0.00,6.5
clavicular type,0,1,0.00,7.0
cleveland clinic enneagram not scientifically validated,0,2,0.00,9.5
clover enneagram test,0,8,0.00,9.3
clover leaf enneagram test,0,12,0.00,8.8
cloverleaf enneagram test,0,55,0.00,9.1
cloverleaf enneagram test free,0,13,0.00,7.4
colbert south carolina,0,1,0.00,3.0
compatibility enneagram,0,6,0.00,15.2
compatibility quiz for couples,0,1,0.00,7.0
compatible enneagram types,0,8,0.00,29.1
compatible enneagrams,0,2,0.00,16.0
completely free enneagram test,0,6,0.00,32.3
completely free enneagram test and results,0,1,0.00,31.0
compliant types enneagram,0,1,0.00,44.0
conflicts ene8,0,2,0.00,5.5
conversations in relationships,0,2,0.00,23.5
core fear of enneagram 2,0,1,0.00,49.0
core fear of enneagram 6,0,1,0.00,46.0
creator beef tiktok instagram -site:youtube.com -site:reddit.com -site:x.com -site:twitter.com -site:facebook.com -site:instagram.com -site:tiktok.com -site:linkedin.com -site:pinterest.com -site:nytimes.com -site:wsj.com -site:yelp.com -site:rottentomatoes.com,0,4,0.00,5.3
cristiano ronaldo enneagram type,0,2,0.00,9.0
cristiano ronaldo personality,0,1,0.00,16.0
cristiano ronaldo personality type,0,3,0.00,12.3
crystal enneagram test,0,11,0.00,8.9
crystal knows enneagram,0,3,0.00,60.0
crystal knows enneagram test,0,1,0.00,9.0
cuál es su personalidad,0,1,0.00,4.0
dalton caldwell,0,2,0.00,6.0
dalton caldwell net worth,0,5,0.00,20.4
dario amodei and elon musk,0,1,0.00,9.0
dario amodei elon musk,0,1,0.00,11.0
dario amodei ex-girlfriend jade wang,0,2,0.00,5.5
"dario, demis, elon, mark and sam",0,1,0.00,13.0
dark triad celebrities,0,39,0.00,13.8
dark triad enneagram,0,2,0.00,4.0
dark triad epstein,0,1,0.00,30.0
dating app personality type,0,1,0.00,35.0
dave mustaine mbti,0,1,0.00,2.0
david corenswet family,0,1,0.00,46.0
david goggins mbti type,0,2,0.00,8.5
david goggins personality,0,14,0.00,7.7
david goggins personality traits,0,11,0.00,3.1
david goggins personality type,0,17,0.00,5.5
david mclain desbordes druski,0,2,0.00,9.0
"david sacks ""rain man"" all-in podcast",0,2,0.00,10.0
delphi poll enneagram discredited personality assessment,0,1,0.00,12.0
delphi poll enneagram discredited personality assessment source,0,22,0.00,9.0
delphi poll enneagram probably discredited personality assessment,0,4,0.00,5.8
denzel washington personality,0,51,0.00,9.9
denzel washington personality type,0,18,0.00,8.7
describe johnny depp,0,1,0.00,64.0
describe sydney sweeney,0,3,0.00,11.3
descriptions of enneagram types,0,1,0.00,71.0
detail common scenarios requiring a compatibility chart,0,78,0.00,9.2
did emma chamberlain drop out of high school,0,1,0.00,10.0
did grimes live in a crack den,0,13,0.00,9.4
did jake paul date sky bri,0,2,0.00,8.0
did larry page finish his phd,0,1,0.00,22.0
did larry page make google,0,2,0.00,41.5
did sky bri date jake paul,0,1,0.00,7.0
did stalin trust anyone,0,4,0.00,7.0
did zendaya fail kindergarten twice,0,1,0.00,8.0
difference between enneagram and mbti,0,2,0.00,28.5
disc vs myers-briggs vs enneagram,0,1,0.00,79.0
"dj shaan ""youngest of four""",0,457,0.00,8.8
"dj shaan ""youngest of four"" siblings",0,169,0.00,10.3
doechii mbti,0,1,0.00,2.0
doechii personality,0,2,0.00,3.0
doechii personality type,0,3,0.00,7.3
does benson boone do drugs,0,4,0.00,9.5
does benson boone drink,0,1,0.00,20.0
does benson boone drink alcohol,0,2,0.00,14.0
does benson boone have schizophrenia,0,1,0.00,17.0
does bob dylan have aspergers,0,1,0.00,29.0
does callum turner smoke,0,24,0.00,10.1
does casey neistat have adhd,0,3,0.00,11.7
does doechii smoke weed,0,1,0.00,25.0
does ishowspeed have anger issues,0,92,0.00,9.0
does ishowspeed world cup song swear,0,1,0.00,5.0
does kris jenner manage anyone else,0,1,0.00,12.0
does sky bri do porn,0,2,0.00,9.5
does sky bri still do porn,0,1,0.00,10.0
does speed have anger issues,0,8,0.00,10.0
does the enneagram have scientific backing,0,3,0.00,21.7
does zayn malik have anger issues,0,1,0.00,3.0
donald trump enneagram type,0,1,0.00,18.0
donald trump enneagram type consensus,0,1,0.00,18.0
dont wake stalin,0,1,0.00,11.0
drake character traits,0,1,0.00,11.0
drake characteristics,0,3,0.00,11.3
drake personality,0,4,0.00,8.3
drake personality traits,0,4,0.00,6.0
drake personality type,0,18,0.00,9.2
druski personality,0,11,0.00,5.5
druski personality type,0,25,0.00,3.7
dua lipa,0,1,0.00,2.0
dua lipa mbti,0,39,0.00,11.5
dua lipa mbti type,0,34,0.00,7.4
dua lipa personality traits,0,16,0.00,6.3
dua lipa personality traits interviews,0,9,0.00,6.2
dua lipa personality type,0,68,0.00,8.3
dua lipa?,0,1,0.00,6.0
dwayne johnson mbti,0,5,0.00,8.4
dwayne johnson personality,0,4,0.00,16.0
dwayne johnson personality traits,0,2,0.00,11.0
dwayne johnson personality type,0,6,0.00,11.0
dysthymia,0,1,0.00,12.0
e4 core enneagram,0,1,0.00,22.0
e5 enneagram,0,1,0.00,86.0
each enneagram type,0,1,0.00,61.0
eanneagram 2,0,1,0.00,70.0
eanneagram 5,0,1,0.00,58.0
eclectic energies,0,13,0.00,51.5
eclectic energies enneagram test,0,6,0.00,22.5
eclectic energies enneagram test free,0,4,0.00,20.3
eclectic energies enneagram test review,0,3,0.00,9.7
eclectic energies enneagram test review accuracy,0,1,0.00,6.0
eclectic energies enneagram tests,0,4,0.00,18.3
eclectic energies free enneagram test,0,1,0.00,10.0
eclectic energies instinctual variant test,0,1,0.00,9.0
eclectic energies test,0,2,0.00,27.0
eclectic enneagram test,0,2,0.00,29.0
eclecticenergies enneagram test,0,2,0.00,31.0
eclecticenergies test,0,4,0.00,25.0
ed sheeran personality,0,7,0.00,9.0
ed sheeran personality type,0,6,0.00,10.5
electric energies enneagram test,0,1,0.00,29.0
elissa krauthamer,0,1,0.00,14.0
elizabeth holmes personality type,0,7,0.00,9.4
ellen degeneres mbti,0,2,0.00,18.5
ellen degeneres personality type,0,6,0.00,11.5
"elon musk ""i'm basically like an introverted engineer""",0,3,0.00,9.7
elon musk as a person,0,1,0.00,39.0
elon musk attachment style psychology analysis,0,2,0.00,12.5
elon musk big five personality traits analysis,0,2,0.00,19.0
elon musk character traits,0,2,0.00,48.5
elon musk enneagram,0,45,0.00,9.7
elon musk enneagram type,0,75,0.00,9.7
elon musk personality,0,9,0.00,38.7
elon musk personality analysis,0,1,0.00,10.0
elon musk personality analysis 2025 or 2026,0,2,0.00,2.5
elon musk personality analysis 2026,0,4,0.00,10.0
elon musk personality traits,0,1,0.00,67.0
elon musk personality traits 2025 2026,0,1,0.00,10.0
elon musk personality traits analysis,0,3,0.00,16.7
elon musk personality traits analysis 2025 2026,0,7,0.00,7.9
elon musk personality traits analysis 2026,0,2,0.00,5.0
elon musk personality traits analysis psychology,0,2,0.00,9.5
elon musk personality traits psychology analysis,0,3,0.00,9.0
elon musk personality type,0,14,0.00,31.1
elon musk personality type analysis,0,3,0.00,7.7
elon musk personality type analysis 2025 or 2026,0,2,0.00,10.0
elon musk psychological profile personality analysis,0,3,0.00,18.7
elon musk psychology,0,5,0.00,32.4
elon musk psychology personality traits analysis,0,1,0.00,11.0
elon musk sam altman dario amodei agi predictions,0,2,0.00,5.0
elon musk sam altman dario amodei agi timeline,0,1,0.00,10.0
elon musk signature analysis,0,1,0.00,21.0
elon musk signature style analysis,0,1,0.00,17.0
elton john personality type,0,32,0.00,8.2
emily ratajkowski art history major ucla,0,1,0.00,5.0
emily ratajkowski mbti,0,2,0.00,6.5
emily ratajkowski personality,0,1,0.00,9.0
emily ratajkowski too much,0,1,0.00,40.0
eminem enneagram,0,3,0.00,9.7
eminem enneagram type,0,1,0.00,6.0
eminem personality,0,1,0.00,40.0
eminem personality type,0,1,0.00,24.0
emma chamberlain,0,1,0.00,4.0
emma chamberlain personality type,0,3,0.00,8.0
emma myers,0,16,0.00,4.3
emma myers age,0,3,0.00,2.3
emma myers anxiety,0,1,0.00,4.0
emma myers background,0,1,0.00,3.0
emma myers ben ellis controversy,0,1,0.00,2.0
emma myers born,0,1,0.00,2.0
emma myers dating history,0,1,0.00,3.0
emma myers disability,0,1,0.00,3.0
emma myers height,0,8,0.00,2.0
emma myers hot pics,0,1,0.00,7.0
emma myers mbti,0,9,0.00,3.0
emma myers measurements,0,1,0.00,2.0
emma myers movies and tv shows,0,2,0.00,2.0
emma myers personality,0,7,0.00,11.7
emma myers personality traits,0,2,0.00,10.5
emma myers personality type,0,2,0.00,5.5
emma myers sexy,0,1,0.00,2.0
emma watson and naomi osaka,0,10,0.00,7.8
emma watson blood type,0,1,0.00,12.0
emma watson character traits,0,5,0.00,11.0
emma watson characteristics,0,35,0.00,11.7
emma watson enneagram,0,6,0.00,7.3
emma watson enneagram type,0,1,0.00,7.0
emma watson ideal type,0,6,0.00,10.8
emma watson introvert,0,2,0.00,21.0
emma watson mbti,0,16,0.00,17.7
emma watson mbti type,0,19,0.00,9.1
emma watson myers briggs,0,1,0.00,11.0
emma watson personality traits,0,22,0.00,8.6
emma watson personality traits analysis,0,2,0.00,4.0
emma watson personality traits big five,0,3,0.00,10.0
emma watson personality traits description,0,1,0.00,7.0
emma watson personality traits interviews,0,18,0.00,8.4
emma watson personality type,0,98,0.00,8.4
emma watson phenotype,0,1,0.00,11.0
enagram,0,1,0.00,5.0
encyclopaedia britannica bob dylan shot of love,0,1,0.00,2.0
eneagram 1,0,1,0.00,70.0
eneagram 2,0,2,0.00,68.0
eneagram 4,0,2,0.00,48.5
eneagram 9,0,1,0.00,31.0
eneagram type 3,0,1,0.00,31.0
eneagram type 5,0,1,0.00,58.0
eneagrama 1 famosos,0,1,0.00,53.0
eneagrama 4 famosos,0,1,0.00,72.0
eneagrama 5,0,1,0.00,71.0
eneagrama 7 famosos,0,1,0.00,61.0
eneagrama tipo 6,0,1,0.00,4.0
eneagramme 5,0,2,0.00,59.0
eneagramme 9,0,1,0.00,66.0
eneatipo 2 famosos,0,1,0.00,50.0
eneatipo 7 famosos,0,1,0.00,61.0
eneatipo 9 famosos,0,1,0.00,65.0
eneatype 5,0,1,0.00,63.0
enegram 1,0,2,0.00,66.5
enegram 2,0,1,0.00,66.0
enegram 5,0,1,0.00,60.0
enegram test free,0,1,0.00,44.0
enegram type 1,0,1,0.00,72.0
enenagram 1,0,75,0.00,69.0
enigram 1,0,1,0.00,87.0
enmeagram 1,0,1,0.00,69.0
enmeagram 2,0,1,0.00,68.0
enmeagram 6,0,2,0.00,68.5
ennagram 1,0,2,0.00,74.5
ennagram 2,0,1,0.00,67.0
ennagram 9,0,1,0.00,33.0
ennagram type 1,0,1,0.00,67.0
ennagram type 2,0,2,0.00,71.0
ennea 6,0,2,0.00,74.5
enneafram 2,0,1,0.00,69.0
enneageam 2,0,1,0.00,67.0
enneagram,0,2,0.00,26.5
enneagram + career,0,3,0.00,17.7
enneagram 1,0,117,0.00,68.8
enneagram 1 and 4 relationship,0,2,0.00,54.0
enneagram 1 and 6 relationship,0,2,0.00,43.5
enneagram 1 and 8 relationship,0,1,0.00,32.0
enneagram 1 careers,0,5,0.00,34.8
enneagram 1 celebrities,0,6,0.00,20.8
enneagram 1 characteristics,0,2,0.00,70.0
enneagram 1 characters,0,3,0.00,41.7
enneagram 1 childhood,0,2,0.00,44.5
enneagram 1 description,0,1,0.00,87.0
enneagram 1 famous people,0,10,0.00,14.7
enneagram 1 in relationships,0,1,0.00,30.0
enneagram 1 in stress,0,7,0.00,52.7
enneagram 1 meaning,0,1,0.00,93.0
enneagram 1 relationships,0,2,0.00,35.5
enneagram 1 stress,0,1,0.00,65.0
enneagram 1 stress and growth,0,6,0.00,52.8
enneagram 1 traits,0,1,0.00,85.0
enneagram 1 type,0,3,0.00,76.7
enneagram 1 under stress,0,3,0.00,33.0
enneagram 1 vs 4,0,1,0.00,34.0
enneagram 1 weaknesses,0,4,0.00,8.5
enneagram 1 wing 3,0,1,0.00,53.0
enneagram 1 with adhd,0,1,0.00,3.0
enneagram 1-9,0,1,0.00,55.0
enneagram 1w5,0,1,0.00,46.0
enneagram 2,0,112,0.00,73.5
enneagram 2 and 5 compatibility,0,1,0.00,30.0
enneagram 2 careers,0,1,0.00,47.0
enneagram 2 celebrities,0,8,0.00,33.0
enneagram 2 characters,0,2,0.00,54.0
enneagram 2 core fear,0,2,0.00,56.0
enneagram 2 description,0,2,0.00,91.5
enneagram 2 famous people,0,11,0.00,17.4
enneagram 2 fear,0,2,0.00,49.0
enneagram 2 fears,0,1,0.00,53.0
enneagram 2 in stress,0,5,0.00,34.8
enneagram 2 in stress and growth,0,1,0.00,47.0
enneagram 2 stress,0,2,0.00,27.5
enneagram 2 stress and growth,0,2,0.00,54.0
enneagram 2 traits,0,1,0.00,86.0
enneagram 2 type,0,2,0.00,70.0
enneagram 2w9,0,1,0.00,20.0
enneagram 3,0,90,0.00,49.4
enneagram 3 careers,0,3,0.00,38.3
enneagram 3 celebrities,0,5,0.00,38.2
enneagram 3 characteristics,0,1,0.00,69.0
enneagram 3 characters,0,1,0.00,71.0
enneagram 3 childhood,0,1,0.00,26.0
enneagram 3 core fear,0,1,0.00,35.0
enneagram 3 famous people,0,8,0.00,25.5
enneagram 3 growth,0,1,0.00,59.0
enneagram 3 in growth,0,3,0.00,48.0
enneagram 3 in stress,0,1,0.00,66.0
enneagram 3 meaning,0,4,0.00,38.5
enneagram 3 personality,0,1,0.00,44.0
enneagram 3 strengths,0,1,0.00,73.0
enneagram 3 strengths and weaknesses,0,1,0.00,26.0
enneagram 3 stress and growth,0,2,0.00,46.0
enneagram 3 traits,0,1,0.00,50.0
enneagram 3 type,0,3,0.00,30.7
enneagram 3 under stress,0,1,0.00,29.0
enneagram 3 weaknesses,0,4,0.00,23.8
enneagram 4 career,0,2,0.00,41.5
enneagram 4 careers,0,8,0.00,36.9
enneagram 4 celebrities,0,13,0.00,19.9
enneagram 4 characters,0,2,0.00,58.0
enneagram 4 core,0,1,0.00,40.0
enneagram 4 core fear,0,3,0.00,26.3
enneagram 4 deadly sin,0,1,0.00,48.0
enneagram 4 description,0,1,0.00,4.0
enneagram 4 disintegration,0,2,0.00,28.0
enneagram 4 examples,0,1,0.00,47.0
enneagram 4 famous people,0,12,0.00,20.4
enneagram 4 fear,0,1,0.00,44.0
enneagram 4 fears,0,1,0.00,37.0
enneagram 4 in stress,0,2,0.00,39.5
enneagram 4 integration,0,1,0.00,24.0
enneagram 4 jobs,0,5,0.00,41.0
enneagram 4 love language,0,2,0.00,11.5
enneagram 4 motivation,0,2,0.00,52.5
enneagram 4 people,0,1,0.00,40.0
enneagram 4 social,0,2,0.00,35.5
enneagram 4 strengths and weaknesses,0,1,0.00,27.0
enneagram 4 under stress,0,2,0.00,34.5
enneagram 4 vs 6,0,2,0.00,30.5
enneagram 4 vs 9,0,3,0.00,28.3
enneagram 4 weaknesses,0,1,0.00,34.0
enneagram 4 wing 6,0,1,0.00,5.0
enneagram 4 wings,0,1,0.00,5.0
enneagram 4w3,0,1,0.00,5.0
enneagram 4w5 careers,0,1,0.00,29.0
enneagram 4w6,0,1,0.00,54.0
enneagram 5,0,148,0.00,62.2
enneagram 5 autism,0,17,0.00,8.9
enneagram 5 careers,0,1,0.00,64.0
enneagram 5 celebrities,0,6,0.00,38.7
enneagram 5 characteristics,0,2,0.00,69.5
enneagram 5 characters,0,3,0.00,62.7
enneagram 5 childhood,0,1,0.00,46.0
enneagram 5 core motivation,0,1,0.00,80.0
enneagram 5 deadly sin,0,2,0.00,44.0
enneagram 5 description,0,4,0.00,73.3
enneagram 5 disintegration,0,21,0.00,11.2
enneagram 5 famous people,0,6,0.00,25.8
enneagram 5 fear,0,2,0.00,83.0
enneagram 5 fears,0,2,0.00,69.0
enneagram 5 female,0,2,0.00,64.0
enneagram 5 growth,0,1,0.00,54.0
enneagram 5 in growth,0,1,0.00,58.0
enneagram 5 in stress,0,3,0.00,49.0
enneagram 5 in stress and growth,0,1,0.00,72.0
enneagram 5 integration,0,1,0.00,26.0
enneagram 5 love language,0,4,0.00,11.0
enneagram 5 meaning,0,1,0.00,75.0
enneagram 5 personality,0,2,0.00,45.0
enneagram 5 stress,0,1,0.00,52.0
enneagram 5 stress and growth,0,3,0.00,70.0
enneagram 5 subtypes,0,1,0.00,47.0
enneagram 5 traits,0,2,0.00,76.0
enneagram 5 type,0,7,0.00,62.4
enneagram 5 types,0,2,0.00,44.5
enneagram 5 under stress,0,1,0.00,33.0
enneagram 5-8-6 tritype relationships,0,1,0.00,11.0
enneagram 5w9,0,2,0.00,27.5
enneagram 6,0,183,0.00,73.0
enneagram 6 and 2 compatibility,0,1,0.00,36.0
enneagram 6 at work,0,1,0.00,77.0
enneagram 6 careers,0,8,0.00,48.5
enneagram 6 celebrities,0,4,0.00,40.5
enneagram 6 characteristics,0,4,0.00,75.8
enneagram 6 characters,0,1,0.00,82.0
enneagram 6 core fear,0,2,0.00,33.0
enneagram 6 core motivation,0,1,0.00,86.0
enneagram 6 description,0,4,0.00,84.3
enneagram 6 famous people,0,10,0.00,21.3
enneagram 6 fear,0,3,0.00,64.0
enneagram 6 fears,0,1,0.00,53.0
enneagram 6 female,0,1,0.00,75.0
enneagram 6 growth and stress,0,2,0.00,50.0
enneagram 6 in health,0,1,0.00,65.0
enneagram 6 in stress,0,6,0.00,64.5
enneagram 6 jobs,0,1,0.00,30.0
enneagram 6 mbti,0,1,0.00,74.0
enneagram 6 meaning,0,1,0.00,82.0
enneagram 6 personality,0,2,0.00,70.0
enneagram 6 social,0,1,0.00,61.0
enneagram 6 strengths,0,2,0.00,75.0
enneagram 6 stress and growth,0,1,0.00,86.0
enneagram 6 traits,0,2,0.00,68.5
enneagram 6 type,0,2,0.00,69.5
enneagram 6 types,0,1,0.00,74.0
enneagram 6 under stress,0,1,0.00,42.0
enneagram 6 unhealthy,0,1,0.00,47.0
enneagram 6 weaknesses,0,1,0.00,61.0
enneagram 6 wing 2,0,1,0.00,85.0
enneagram 6w5 compatibility with 7w6,0,14,0.00,6.5
enneagram 6w5 with 8w9 compatibility,0,1,0.00,10.0
enneagram 6w9,0,1,0.00,64.0
enneagram 7,0,4,0.00,63.0
enneagram 7 adhd,0,7,0.00,4.7
enneagram 7 celebrities,0,5,0.00,31.4
enneagram 7 characters,0,2,0.00,55.0
enneagram 7 core fear,0,1,0.00,46.0
enneagram 7 famous people,0,7,0.00,21.4
enneagram 7 fear,0,2,0.00,50.5
enneagram 7 fears,0,4,0.00,43.8
enneagram 7 growth and stress,0,1,0.00,69.0
enneagram 7 in growth,0,2,0.00,52.0
enneagram 7 in stress,0,2,0.00,43.0
enneagram 7 integration,0,1,0.00,38.0
enneagram 7 love language,0,3,0.00,14.0
enneagram 7 stress,0,4,0.00,49.0
enneagram 7 under stress,0,1,0.00,38.0
enneagram 7w9,0,3,0.00,19.7
enneagram 8,0,10,0.00,39.0
enneagram 8 celebrities,0,5,0.00,40.4
enneagram 8 characters,0,7,0.00,44.3
enneagram 8 description,0,1,0.00,100.0
enneagram 8 famous people,0,13,0.00,21.4
enneagram 8 fear,0,1,0.00,34.0
enneagram 8 fears,0,1,0.00,36.0
enneagram 8 female celebrities,0,1,0.00,42.0
enneagram 8 love language,0,1,0.00,13.0
enneagram 8 motivation,0,2,0.00,71.5
enneagram 8 name,0,1,0.00,63.0
enneagram 8 personality,0,2,0.00,67.5
enneagram 8 stress,0,1,0.00,30.0
enneagram 8 vulnerability,0,1,0.00,27.0
enneagram 8 weaknesses,0,1,0.00,27.0
enneagram 8 wing 1,0,1,0.00,55.0
enneagram 8 wing 3,0,2,0.00,60.5
enneagram 8w7 and 6w5 compatibility,0,2,0.00,17.0
enneagram 8w9 and 6w5 compatibility relationship,0,2,0.00,10.0
enneagram 9,0,264,0.00,52.0
enneagram 9 and 4 relationship,0,2,0.00,40.5
enneagram 9 basic fear,0,1,0.00,52.0
enneagram 9 career,0,2,0.00,34.0
enneagram 9 careers,0,6,0.00,47.2
enneagram 9 celebrities,0,18,0.00,16.3
enneagram 9 characteristics,0,2,0.00,65.0
enneagram 9 characters,0,2,0.00,57.5
enneagram 9 childhood,0,7,0.00,16.1
enneagram 9 childhood wound,0,2,0.00,56.5
enneagram 9 core fear,0,4,0.00,47.0
enneagram 9 core motivation,0,1,0.00,80.0
enneagram 9 description,0,6,0.00,67.5
enneagram 9 famous people,0,16,0.00,14.9
enneagram 9 fear,0,3,0.00,62.3
enneagram 9 fears,0,1,0.00,57.0
enneagram 9 female,0,1,0.00,57.0
enneagram 9 fictional characters,0,1,0.00,49.0
enneagram 9 growth,0,2,0.00,37.5
